{
    "type": "APL",
    "version": "1.0",
    "theme": "dark",
    "import": [
        {
            "name": "alexa-layouts",
            "version": "1.0.0"
        }
    ],
    "resources": [
        {
            "description": "Stock color for the light theme",
            "colors": {
                "colorTextPrimary": "#151920"
            }
        },
        {
            "description": "Stock color for the dark theme",
            "when": "${viewport.theme == 'dark'}",
            "colors": {
                "colorTextPrimary": "#f0f1ef"
            }
        },
        {
            "description": "Standard font sizes",
            "dimensions": {
                "textSizeBody": 40,
                "textSizePrimary": 27,
                "textSizeSecondary": 23,
                "textSizeSecondaryHint": 25
            }
        },
        {
            "description": "Common spacing values",
            "dimensions": {
                "spacingThin": 6,
                "spacingSmall": 12,
                "spacingMedium": 24,
                "spacingLarge": 48,
                "spacingExtraLarge": 72
            }
        },
        {
            "description": "Common margins and padding",
            "dimensions": {
                "marginTop": 40,
                "marginLeft": 60,
                "marginRight": 60,
                "marginBottom": 40
            }
        },
        {
            "description": "Border colors for the question options",
            "colors": {
                "colorBorderPrimary": "white"
            }
        },
        {
            "description": "Common margin for the question options",
            "dimensions": {
                "marginLarge": 20,
                "marginSmall": 10
            }
        }
    ],
    "styles": {
        "textStyleBase": {
            "description": "Base font description; set color and core font family",
            "values": [
                {
                    "color": "@colorTextPrimary",
                    "fontFamily": "Amazon Ember"
                }
            ]
        },
        "textStyleBase0": {
            "description": "Thin version of basic font",
            "extend": "textStyleBase",
            "values": {
                "fontWeight": "100"
            }
        },
        "textStyleBase1": {
            "description": "Light version of basic font",
            "extend": "textStyleBase",
            "values": {
                "fontWeight": "300"
            }
        },
        "mixinBody": {
            "values": {
                "fontSize": "@textSizeBody"
            }
        },
        "mixinPrimary": {
            "values": {
                "fontSize": "@textSizePrimary"
            }
        },
        "mixinSecondary": {
            "values": {
                "fontSize": "@textSizeSecondary"
            }
        },
        "textStylePrimary": {
            "extend": [
                "textStyleBase1",
                "mixinPrimary"
            ]
        },
        "textStyleSecondary": {
            "extend": [
                "textStyleBase0",
                "mixinSecondary"
            ]
        },
        "textStyleBody": {
            "extend": [
                "textStyleBase1",
                "mixinBody"
            ]
        },
        "textStyleSecondaryHint": {
            "values": {
                "fontFamily": "Bookerly",
                "fontStyle": "italic",
                "fontSize": "@textSizeSecondaryHint",
                "color": "@colorTextPrimary"
            }
        }
    },
    "layouts": {},
    "mainTemplate": {
        "parameters": [
            "payload"
        ],
        "items": [
            {
                "when": "${viewport.shape == 'round'}",
                "type": "Container",
                "direction": "column",
                "height": "100vh",
                "items": [
                    {
                        "type": "Image",
                        "source": "${payload.bodyTemplate1Data.backgroundImage.sources[0].url}",
                        "position": "absolute",
                        "width": "100vw",
                        "height": "100vh",
                        "scale": "best-fill"
                    },
                    {
                        "type": "AlexaHeader",
                        "headerTitle": "${payload.bodyTemplate1Data.question.title}"
                    },
                    {
                        "type": "Container",
                        "direction": "column",
                        "paddingLeft": "@marginLeft",
                        "paddingRight": "@marginRight",
                        "paddingTop": 25,
                        "items": [
                            {
                                "type": "Frame",
                                "borderRadius": 10,
                                "borderColor": "@colorBorderPrimary",
                                "borderWidth": 1,
                                "item": [
                                    {
                                        "type": "Text",
                                        "text": "${payload.bodyTemplate1Data.question.options[0].title}",
                                        "paddingTop": "@marginSmall",
                                        "paddingRight": "@marginSmall",
                                        "paddingBottom": "@marginSmall",
                                        "paddingLeft": "@marginSmall",
                                        "fontSize": "@textSizeSecondary"
                                    }
                                ]
                            },
                            {
                                "type": "Frame",
                                "borderRadius": 10,
                                "borderColor": "@colorBorderPrimary",
                                "borderWidth": 1,
                                "spacing": 10,
                                "item": [
                                    {
                                        "type": "Text",
                                        "text": "${payload.bodyTemplate1Data.question.options[1].title}",
                                        "paddingTop": "@marginSmall",
                                        "paddingRight": "@marginSmall",
                                        "paddingBottom": "@marginSmall",
                                        "paddingLeft": "@marginSmall",
                                        "fontSize": "@textSizeSecondary"
                                    }
                                ]
                            },
                            {
                                "type": "Frame",
                                "borderRadius": 10,
                                "borderColor": "@colorBorderPrimary",
                                "borderWidth": 1,
                                "spacing": 10,
                                "item": [
                                    {
                                        "type": "Text",
                                        "text": "${payload.bodyTemplate1Data.question.options[2].title}",
                                        "paddingTop": "@marginSmall",
                                        "paddingRight": "@marginSmall",
                                        "paddingBottom": "@marginSmall",
                                        "paddingLeft": "@marginSmall",
                                        "fontSize": "@textSizeSecondary"
                                    }
                                ]
                            },
                            {
                                "type": "Frame",
                                "borderRadius": 10,
                                "borderColor": "@colorBorderPrimary",
                                "borderWidth": 1,
                                "spacing": 10,
                                "item": [
                                    {
                                        "type": "Text",
                                        "text": "?",
                                        "paddingTop": "@marginSmall",
                                        "paddingRight": "@marginSmall",
                                        "paddingBottom": "@marginSmall",
                                        "paddingLeft": "@marginSmall",
                                        "fontSize": "@textSizeSecondary"
                                    }
                                ]
                            }
                        ]
                    }
                ]
            },
            {
                "type": "Container",
                "height": "100vh",
                "items": [
                    {
                        "type": "Image",
                        "source": "${payload.bodyTemplate1Data.backgroundImage.sources[1].url}",
                        "position": "absolute",
                        "width": "100vw",
                        "height": "100vh",
                        "scale": "best-fill"
                    },
                    {
                        "type": "AlexaHeader",
                        "headerTitle": "${payload.bodyTemplate1Data.question.title}"
                    },
                    {
                        "type": "Container",
                        "paddingLeft": "@marginLeft",
                        "paddingRight": "@marginRight",
                        "paddingBottom": "@marginBottom",
                        "items": [
                            {
                                "type": "Text",
                                "text": "${payload.bodyTemplate1Data.question.text}",
                                "fontSize": "@textSizeBody",
                                "style": "textStyleBody",
                                "lineHeight": 3
                            }
                        ]
                    },
                    {
                        "type": "Container",
                        "direction": "column",
                        "paddingLeft": "@marginLeft",
                        "paddingRight": "@marginRight",
                        "items": [
                            {
                                "type": "Container",
                                "direction": "row",
                                "items": [
                                    {
                                        "type": "Frame",
                                        "width": "45%",
                                        "borderRadius": 10,
                                        "borderColor": "@colorBorderPrimary",
                                        "borderWidth": 3,
                                        "item": [
                                            {
                                                "type": "Text",
                                                "text": "${payload.bodyTemplate1Data.question.options[0].title}",
                                                "paddingTop": "@marginLarge",
                                                "paddingRight": "@marginLarge",
                                                "paddingBottom": "@marginLarge",
                                                "paddingLeft": "@marginLarge"
                                            }
                                        ]
                                    },
                                    {
                                        "type": "Frame",
                                        "width": "45%",
                                        "borderRadius": 10,
                                        "borderColor": "@colorBorderPrimary",
                                        "borderWidth": 3,
                                        "spacing": 10,
                                        "item": [
                                            {
                                                "type": "Text",
                                                "text": "${payload.bodyTemplate1Data.question.options[1].title}",
                                                "paddingTop": "@marginLarge",
                                                "paddingRight": "@marginLarge",
                                                "paddingBottom": "@marginLarge",
                                                "paddingLeft": "@marginLarge"
                                            }
                                        ]
                                    }
                                ]
                            },
                            {
                                "type": "Container",
                                "direction": "row",
                                "paddingTop": 20,
                                "items": [
                                    {
                                        "type": "Frame",
                                        "width": "45%",
                                        "borderRadius": 10,
                                        "borderColor": "@colorBorderPrimary",
                                        "borderWidth": 3,
                                        "item": [
                                            {
                                                "type": "Text",
                                                "text": "${payload.bodyTemplate1Data.question.options[2].title}",
                                                "paddingTop": "@marginLarge",
                                                "paddingRight": "@marginLarge",
                                                "paddingBottom": "@marginLarge",
                                                "paddingLeft": "@marginLarge"
                                            }
                                        ]
                                    },
                                    {
                                        "type": "Frame",
                                        "width": "45%",
                                        "borderRadius": 10,
                                        "borderColor": "@colorBorderPrimary",
                                        "borderWidth": 3,
                                        "spacing": 10,
                                        "item": [
                                            {
                                                "type": "Text",
                                                "text": "?",
                                                "paddingTop": "@marginLarge",
                                                "paddingRight": "@marginLarge",
                                                "paddingBottom": "@marginLarge",
                                                "paddingLeft": "@marginLarge"
                                            }
                                        ]
                                    }
                                ]
                            }
                        ]
                    }
                ]
            }
        ]
    }
}
